name,role,company,industry,location,linkedin_bio
Ava Patel,Head of Growth,FlowMetrics,B2B SaaS,San Francisco,Experienced in scaling B2B SaaS operations
Liam Smith,CEO,TechNova,B2B SaaS,New York,Passionate about AI-driven SaaS products
Olivia Brown,Marketing Manager,DataHive,Analytics,Chicago,Leads marketing campaigns in analytics space
Noah Johnson,CTO,CloudWorks,Software,Seattle,Over 10 years in cloud architecture
Emma Davis,Sales Lead,NextGen AI,AI,Boston,Driving AI product sales and partnerships
William Garcia,Founder,SmartOps,Operations,Los Angeles,Building smart operations software
Sophia Martinez,Product Manager,InnovateTech,Software,San Francisco,Managing product roadmap for SaaS apps
James Lee,VP Sales,MarketPulse,Marketing Tech,New York,Leading sales teams in Martech solutions
Isabella Wilson,Head of Customer Success,ClientFlow,Customer Experience,Austin,Optimizing client retention strategies
Benjamin Moore,Director of Engineering,DevSoft,Software,Chicago,Oversees engineering teams for SaaS products
Charlotte Taylor,Lead Data Scientist,InsightAI,AI,San Francisco,Building predictive AI models for enterprises
Elijah Anderson,COO,ScaleUp,Startups,Los Angeles,Scaling operations for high-growth startups
Mia Thomas,Account Manager,SalesIQ,Sales,New York,Managing key accounts in sales tech
Lucas Jackson,Founder,GreenTech,Sustainability,Seattle,Developing sustainable tech solutions
Amelia White,Marketing Director,AdSphere,Advertising,Chicago,Overseeing ad campaigns for global clients
Henry Harris,VP Product,SoftSolutions,Software,Boston,Driving product strategy in SaaS
Harper Martin,CEO,DataStream,Analytics,San Francisco,Leading data analytics initiatives
Alexander Thompson,Head of Operations,TechBridge,Software,New York,Managing operations across software teams
Evelyn Garcia,CTO,NeuroAI,AI,Boston,Leading AI product development
Daniel Martinez,Sales Director,MarketEdge,Marketing Tech,Austin,Scaling sales teams in marketing tech
Abigail Robinson,Customer Success Lead,ClientSync,Customer Experience,Los Angeles,Improving retention & engagement
Matthew Clark,Product Owner,InnovAI,AI,Seattle,Defining product vision for AI apps
Emily Lewis,Founder,SmartBiz,Startups,Chicago,Entrepreneur building SaaS solutions
Joseph Walker,VP Marketing,AdTechPro,Advertising,New York,Driving marketing strategies for adtech
Sofia Hall,Head of Growth,ScaleAI,AI,San Francisco,Growth strategies for AI startups
David Allen,CTO,CloudLink,Cloud Computing,Boston,Cloud infrastructure expert
Avery Young,Account Executive,SalesBoost,Sales,Los Angeles,Sales and account management
Samuel King,CEO,TechFront,Software,Seattle,Software entrepreneurship
Ella Wright,Marketing Lead,DataSpark,Analytics,Chicago,Leading analytics marketing campaigns
Sebastian Scott,VP Engineering,InnovateTech,Software,New York,Overseeing engineering teams
Aria Green,Product Manager,NextGen AI,AI,Boston,Product strategy for AI solutions
Jackson Adams,COO,FlowWorks,Operations,San Francisco,Scaling operations for tech companies
Scarlett Baker,Lead Developer,SmartOps,Software,Los Angeles,Full-stack development for SaaS products
Aiden Nelson,Director of Sales,MarketIQ,Marketing Tech,Chicago,Driving B2B sales initiatives
Victoria Carter,Head of Customer Success,ClientLink,Customer Experience,New York,Improving customer journey
Gabriel Mitchell,CTO,NeuroTech,AI,San Francisco,Building AI solutions for enterprises
Grace Perez,Marketing Director,AdSolutions,Advertising,Boston,Overseeing marketing campaigns
Carter Roberts,Founder,GreenInnovate,Sustainability,Seattle,Sustainable tech entrepreneur
Lillian Turner,VP Product,SoftWorks,Software,Chicago,Leading product strategy
Owen Phillips,Head of Growth,ScaleTech,AI,New York,Scaling AI startups
Hannah Campbell,Sales Manager,SalesPro,Sales,Boston,Managing sales teams and pipelines
Wyatt Parker,Director of Engineering,InnovSoft,Software,San Francisco,Engineering lead for SaaS products
Zoey Evans,Product Owner,NextLevel AI,AI,Los Angeles,AI product roadmap and execution
Jack Edwards,CEO,TechNova,Software,Chicago,Leading SaaS initiatives
Penelope Collins,VP Marketing,MarketSphere,Marketing Tech,New York,Marketing leadership in tech
Luke Stewart,CTO,CloudOps,Cloud Computing,San Francisco,Cloud technology solutions
Stella Sanchez,Customer Success Lead,ClientBoost,Customer Experience,Boston,Client retention and support
Eli Morris,Head of Product,SmartAI,AI,Los Angeles,Driving AI product development
Nora Rogers,Founder,ScaleUp,Startups,Seattle,Entrepreneurship in tech
Henry Cook,Sales Lead,SalesIQ,Sales,Chicago,Leading B2B sales efforts
